{"cameraMode":{"drawMode":0,"name":"Shaded","section":"Shading Mode"},"sceneLighting":false,"audioPlay":false,"sceneViewState":{"showFog":false,"showMaterialUpdate":false,"showSkybox":false,"showFlares":false,"showImageEffects":false,"showParticleSystems":false},"in2DMode":false,"pivot":{"x":9.164305686950684,"y":-6.940883636474609,"z":28.874065399169923},"rotation":{"x":0.5166741609573364,"y":-0.2804632782936096,"z":0.18395262956619264,"w":0.7877497673034668},"size":42.65143585205078,"orthographic":false}