{"cameraMode":{"drawMode":0,"name":"Shaded","section":"Shading Mode"},"sceneLighting":false,"audioPlay":false,"sceneViewState":{"showFog":false,"showMaterialUpdate":false,"showSkybox":false,"showFlares":false,"showImageEffects":false,"showParticleSystems":false},"in2DMode":false,"pivot":{"x":11.629661560058594,"y":-4.355127334594727,"z":21.690277099609376},"rotation":{"x":0.5166741609573364,"y":-0.2804632782936096,"z":0.18395262956619264,"w":0.7877497673034668},"size":36.698707580566409,"orthographic":false}