{"cameraMode":{"drawMode":0,"name":"Shaded","section":"Shading Mode"},"sceneLighting":false,"audioPlay":false,"sceneViewState":{"showFog":true,"showMaterialUpdate":false,"showSkybox":true,"showFlares":true,"showImageEffects":true,"showParticleSystems":true},"in2DMode":false,"pivot":{"x":10.57693099975586,"y":4.336680889129639,"z":11.542863845825196},"rotation":{"x":0.13289982080459596,"y":-0.0867033302783966,"z":0.011671504005789757,"w":0.9872608184814453},"size":8.3544282913208,"orthographic":false}