{"cameraMode":{"drawMode":0,"name":"Shaded","section":"Shading Mode"},"sceneLighting":false,"audioPlay":false,"sceneViewState":{"showFog":true,"showMaterialUpdate":false,"showSkybox":true,"showFlares":true,"showImageEffects":true,"showParticleSystems":true},"in2DMode":false,"pivot":{"x":7.6255950927734379,"y":-0.8899078369140625,"z":17.03130531311035},"rotation":{"x":0.37154853343963625,"y":-0.5272002220153809,"z":0.27467378973960879,"w":0.7131381630897522},"size":14.448142051696778,"orthographic":false}