{"cameraMode":{"drawMode":0,"name":"Shaded","section":"Shading Mode"},"sceneLighting":false,"audioPlay":false,"sceneViewState":{"showFog":true,"showMaterialUpdate":false,"showSkybox":true,"showFlares":true,"showImageEffects":true,"showParticleSystems":true},"in2DMode":false,"pivot":{"x":18.147815704345704,"y":-0.07169198989868164,"z":20.83186149597168},"rotation":{"x":0.19383396208286286,"y":0.7902258038520813,"z":-0.3124244809150696,"w":0.49026769399642947},"size":6.311298847198486,"orthographic":false}