{"cameraMode":{"drawMode":0,"name":"Shaded","section":"Shading Mode"},"sceneLighting":false,"audioPlay":false,"sceneViewState":{"showFog":true,"showMaterialUpdate":false,"showSkybox":true,"showFlares":true,"showImageEffects":true,"showParticleSystems":true},"in2DMode":false,"pivot":{"x":6.944648265838623,"y":-8.187536239624024,"z":12.472855567932129},"rotation":{"x":-0.3543532192707062,"y":0.23018264770507813,"z":-0.09044633060693741,"w":-0.9018144011497498},"size":18.648738861083986,"orthographic":false}