{"cameraMode":{"drawMode":0,"name":"Shaded","section":"Shading Mode"},"sceneLighting":false,"audioPlay":false,"sceneViewState":{"showFog":true,"showMaterialUpdate":false,"showSkybox":true,"showFlares":true,"showImageEffects":true,"showParticleSystems":true},"in2DMode":false,"pivot":{"x":14.342649459838868,"y":1.439457893371582,"z":3.1453804969787599},"rotation":{"x":0.4027935564517975,"y":0.4881887435913086,"z":-0.27115312218666079,"w":0.7251931428909302},"size":8.825440406799317,"orthographic":false}