{"cameraMode":{"drawMode":0,"name":"Shaded","section":"Shading Mode"},"sceneLighting":false,"audioPlay":false,"sceneViewState":{"showFog":true,"showMaterialUpdate":false,"showSkybox":true,"showFlares":true,"showImageEffects":true,"showParticleSystems":true},"in2DMode":false,"pivot":{"x":-14.708786010742188,"y":-35.33855056762695,"z":43.709617614746097},"rotation":{"x":0.3517760932445526,"y":-0.5502362251281738,"z":0.27419939637184145,"w":0.7059096097946167},"size":79.08665466308594,"orthographic":false}