{"cameraMode":{"drawMode":0,"name":"Shaded","section":"Shading Mode"},"sceneLighting":false,"audioPlay":false,"sceneViewState":{"showFog":true,"showMaterialUpdate":false,"showSkybox":true,"showFlares":true,"showImageEffects":true,"showParticleSystems":true},"in2DMode":false,"pivot":{"x":13.559941291809082,"y":-11.462106704711914,"z":14.909884452819825},"rotation":{"x":0.5067297220230103,"y":0.052951257675886157,"z":-0.031203342601656915,"w":0.8599113821983337},"size":27.527870178222658,"orthographic":false}