{"cameraMode":{"drawMode":0,"name":"Shaded","section":"Shading Mode"},"sceneLighting":false,"audioPlay":false,"sceneViewState":{"showFog":true,"showMaterialUpdate":false,"showSkybox":true,"showFlares":true,"showImageEffects":true,"showParticleSystems":true},"in2DMode":false,"pivot":{"x":473.4353942871094,"y":325.36090087890627,"z":141.87432861328126},"rotation":{"x":0.005998448468744755,"y":-0.026996253058314325,"z":0.00016188519657589495,"w":0.9996175765991211},"size":801.9055786132813,"orthographic":false}