{"cameraMode":{"drawMode":0,"name":"Shaded","section":"Shading Mode"},"sceneLighting":false,"audioPlay":false,"sceneViewState":{"showFog":true,"showMaterialUpdate":false,"showSkybox":true,"showFlares":true,"showImageEffects":true,"showParticleSystems":true},"in2DMode":false,"pivot":{"x":13.016928672790528,"y":1.2765445709228516,"z":2.4260003566741945},"rotation":{"x":0.5506333708763123,"y":-0.2280096709728241,"z":0.15952999889850617,"w":0.7869972586631775},"size":4.518047332763672,"orthographic":false}