{"cameraMode":{"drawMode":0,"name":"Shaded","section":"Shading Mode"},"sceneLighting":false,"audioPlay":false,"sceneViewState":{"showFog":true,"showMaterialUpdate":false,"showSkybox":true,"showFlares":true,"showImageEffects":true,"showParticleSystems":true},"in2DMode":false,"pivot":{"x":14.187420845031739,"y":-9.606679916381836,"z":18.250812530517579},"rotation":{"x":0.43766510486602785,"y":-0.0013487688265740872,"z":0.0006564061623066664,"w":0.8991368412971497},"size":29.631458282470704,"orthographic":false}