{"cameraMode":{"drawMode":0,"name":"Shaded","section":"Shading Mode"},"sceneLighting":false,"audioPlay":false,"sceneViewState":{"showFog":true,"showMaterialUpdate":false,"showSkybox":true,"showFlares":true,"showImageEffects":true,"showParticleSystems":true},"in2DMode":false,"pivot":{"x":6.254290580749512,"y":9.18490982055664,"z":17.0575008392334},"rotation":{"x":0.4330044090747833,"y":-0.5589562654495239,"z":0.432743638753891,"w":0.5592925548553467},"size":6.269522190093994,"orthographic":false}