{"cameraMode":{"drawMode":0,"name":"Shaded","section":"Shading Mode"},"sceneLighting":false,"audioPlay":false,"sceneViewState":{"showFog":true,"showMaterialUpdate":false,"showSkybox":true,"showFlares":true,"showImageEffects":true,"showParticleSystems":true},"in2DMode":false,"pivot":{"x":4.717123985290527,"y":-21.345348358154298,"z":29.032012939453126},"rotation":{"x":0.36851122975349429,"y":-0.15153762698173524,"z":0.06102054938673973,"w":0.9151570200920105},"size":41.131893157958987,"orthographic":false}